rId_mp,rName_mp,rId_rbd,rName_rbd,total_energy_avg,total_energy_std
1,ASN,498,GLN,-1.4888009941552,2.5569735976413672
1,ASN,500,THR,-1.0034169780808,1.806145172759802
1,ASN,501,TYR,-1.1030190632648,1.772139070190363
3,ASP,496,GLY,-1.025066840816,1.1436878559875048
3,ASP,498,GLN,-2.3999373212928,2.7609824230444118
3,ASP,500,THR,-1.9620590585784,3.7287173721413183
3,ASP,501,TYR,-3.1499746258864,2.462885480817699
4,GLU,498,GLN,-1.423943311612,2.6818504412295088
4,GLU,501,TYR,-6.315480967673601,2.632829003092692
4,GLU,502,GLY,-1.417037134276,1.9479378928986235
4,GLU,505,TYR,-3.7175786691336,2.498933369047623
6,HIE,493,GLN,-2.4017980477184,1.4735361606268618
7,MET,403,ARG,-3.6385176241192,1.600126983757537
7,MET,495,TYR,-2.1342446503408,1.2375758311086318
7,MET,496,GLY,-1.6993763566296003,1.1564915866853334
7,MET,497,PHE,-1.142025970664,0.7630883769039367
7,MET,501,TYR,-2.4160234669888,1.0138588329307647
7,MET,505,TYR,-4.6957130764096,1.335524081522088
8,LEU,505,TYR,-3.278036355084,0.7897053457577539
10,THR,453,TYR,-1.189756675644,0.4296181811439292
10,THR,455,LEU,-2.1588364530528,0.5330241611701069
10,THR,493,GLN,-2.322186194268,1.758093654412738
11,ASP,403,ARG,-22.1613335885312,6.1693900535844985
11,ASP,417,LYS,-5.8298394475464,5.561169125817718
11,ASP,505,TYR,-1.8712984283264,3.029929852834538
14,TYR,416,GLY,-1.6832642374536,1.077897105575092
14,TYR,417,LYS,-7.821907368347199,2.2122968107841765
14,TYR,421,TYR,-1.8410584504352,1.4523626713091815
14,TYR,455,LEU,-3.660845757332,2.284425040443656
14,TYR,456,PHE,-1.786736267076,1.4356066955564202
17,LEU,456,PHE,-1.3516942964735998,0.4835559793467332
23,GLU,476,GLY,-2.1088041153824,2.6558296407104542
23,GLU,477,SER,-6.6368823463048,6.915265103226717
23,GLU,478,THR,-1.7899176064735998,5.033720917672391
26,LYS,475,ALA,-1.3840789376360003,1.9361285358777167
27,LYS,486,PHE,-2.5464138200192,0.9011990800111176
30,PHE,475,ALA,-2.972246223632,0.6845455789238458
30,PHE,476,GLY,-1.5023813638952002,0.513556655521142
30,PHE,486,PHE,-4.890172098592,1.1281993690505054
30,PHE,487,ASN,-5.1632324784496,0.9624670615761802
30,PHE,489,TYR,-3.2043338642248,0.9109310536416556
31,GLN,486,PHE,-2.6609331774216,0.7232003837063565
33,PHE,456,PHE,-1.1443627813752,0.5212635369572705
33,PHE,489,TYR,-4.347923755756799,0.8946421576089367
34,GLU,486,PHE,-2.8701414023303995,1.3349788128491804
41,LYS,484,GLU,-2.5763652972408,4.375297993372268
