rId_lcb,rName_lcb,rId_rbd,rName_rbd,total_energy_avg,total_energy_std
1,ASN,446,GLY,-1.0047563959176,1.8114999999346995
1,ASN,498,GLN,-1.5848495781552,2.653529562798898
1,ASN,500,THR,-1.0313096600808,1.8629924446879131
3,ASP,498,GLN,-2.1108867112928,2.2386837540437887
3,ASP,500,THR,-1.8484118485784002,3.4705206390291576
3,ASP,501,TYR,-3.1415302118864004,2.519960807836033
4,GLU,498,GLN,-1.2640275916119998,2.335894219419639
4,GLU,501,TYR,-6.6176802436735995,2.87007016079605
4,GLU,502,GLY,-1.3032890342760002,1.8146693599973374
4,GLU,505,TYR,-3.7955871511336,2.6684756245443637
6,HIE,493,GLN,-2.2873768777184,1.322336961613022
7,MET,403,ARG,-3.8673154921192,1.5964721317092525
7,MET,495,TYR,-2.1149361863408,1.226546072091569
7,MET,496,GLY,-1.6804018666296001,1.1587198996138237
7,MET,497,PHE,-1.1800572286639999,0.761830908044766
7,MET,501,TYR,-2.4453513969888,1.0922383710363681
7,MET,505,TYR,-4.5708828044095995,1.3864630932314295
8,LEU,505,TYR,-3.329553019084,0.8204037230707956
10,THR,453,TYR,-1.0905922296439998,0.40750801719319407
10,THR,455,LEU,-2.1627181690527997,0.5381051311722974
10,THR,493,GLN,-2.284572760268,1.6495283330556285
11,ASP,403,ARG,-11.3312746945312,3.0625704470945516
11,ASP,417,LYS,-5.156609675546401,4.836669144234548
11,ASP,505,TYR,-2.0012278103264003,2.758818382862352
14,TYR,416,GLY,-1.5380637074536,1.0044823170209574
14,TYR,417,LYS,-8.137704324347201,2.450044423930591
14,TYR,421,TYR,-1.9097831004351997,1.442341452889815
14,TYR,455,LEU,-3.9448806793319995,2.691993140266913
14,TYR,456,PHE,-1.913810527076,1.573329756131148
17,LEU,456,PHE,-1.3824086004736,0.48882276259339436
23,GLU,476,GLY,-2.0258947513824,2.630208129781885
23,GLU,477,SER,-6.387096808304799,6.8106561388028695
23,GLU,478,THR,-1.8820176664736,5.1556854858202374
26,LYS,475,ALA,-1.592703917636,2.077988489034511
27,LYS,486,PHE,-2.6671115200192,0.9357897498467632
30,PHE,475,ALA,-3.027603831632,0.7254570101890625
30,PHE,476,GLY,-1.5082761118952002,0.5153656368602539
30,PHE,486,PHE,-4.831463154592,1.1161453862977622
30,PHE,487,ASN,-5.0891687004496,0.9497234880600348
30,PHE,489,TYR,-3.7510021262248,1.035512139341191
31,GLN,486,PHE,-2.6395622994216,0.7452763551161604
33,PHE,456,PHE,-1.1931998233752,0.5494160160916048
33,PHE,489,TYR,-4.547224181756799,0.956092864513117
34,GLU,486,PHE,-2.8437379463304002,1.3358807494043696
41,LYS,484,GLU,-2.0367891252407997,3.2837758186873094
