rId_lcb,rName_lcb,rId_rbd,rName_rbd,total_energy_avg,total_energy_std
1,ASN,446,GLY,-1.9224392181071999,2.331201477952355
1,ASN,496,GLY,-2.2245018580391998,2.340455397166747
1,ASN,498,GLN,-5.773978630996,4.332080268507693
1,ASN,501,ASN,-1.4620903623968,1.8376574448956897
3,ASP,449,TYR,-4.3659578830392,4.99389668408259
3,ASP,493,GLN,-1.2765641697912,0.7255634912326223
3,ASP,495,TYR,-2.1846762082776006,0.6072607443605542
3,ASP,496,GLY,-2.3379975130432,0.5847131289783443
4,GLU,501,ASN,-6.299405493968799,3.027480801307435
4,GLU,502,GLY,-2.6449849596424,2.087431651680516
4,GLU,505,TYR,-4.3796278701888,1.4485584799115476
6,HIE,493,GLN,-5.432092111264799,1.34909108999665
7,MET,403,ARG,-6.8348167318119994,1.699607403521824
7,MET,495,TYR,-4.025921310784,0.5711512529399052
7,MET,497,PHE,-1.2537491528448,0.4702066802497609
7,MET,505,TYR,-5.467690678241599,0.911227473824407
8,LEU,505,TYR,-3.8616215490127996,0.8244024385958005
10,THR,453,TYR,-1.370985085264,0.4742277783886099
10,THR,455,LEU,-1.6033534422264002,0.7005594901363702
11,ASP,403,ARG,-22.4998326131776,7.243726102419404
11,ASP,406,GLU,1.4411377651992,1.0043715278929939
14,TYR,417,ASN,-6.5732391109248,1.42522518257845
14,TYR,421,TYR,-1.231366510024,0.7640336880894438
14,TYR,453,TYR,-1.1528492161439998,0.9257699235579857
14,TYR,455,LEU,-6.7121832664024,1.6330217463201524
14,TYR,456,PHE,-3.7137402786431997,1.0578321019803412
17,LEU,456,PHE,-1.1605641581432,0.5769919248704782
23,GLU,477,SER,-1.2132187525872,3.440502218021696
27,LYS,486,PHE,-2.4369883401304,1.4633049646846783
30,PHE,475,ALA,-3.4588756436728,0.6855934597110515
30,PHE,476,GLY,-1.0597932999904,0.7348271164714725
30,PHE,486,PHE,-3.0168439397695996,1.8447447127002579
30,PHE,487,ASN,-3.6851266930968,1.8941179324444328
30,PHE,489,TYR,-3.3836028075768,1.1978740445863056
31,GLN,486,PHE,-2.3239708394848,1.178042923655494
33,PHE,455,LEU,-1.2987143067904,0.5177379732522113
33,PHE,456,PHE,-1.7016153231208,0.5804945287998622
33,PHE,489,TYR,-4.9734886008648,0.9780114195179477
34,GLU,486,PHE,-4.6036486381624,1.7687361635750851
34,GLU,487,ASN,-2.8046931637904,4.030492548081241
34,GLU,489,TYR,-3.4959178080928,2.7942405418331835
37,ASP,484,GLU,1.0940438663648,1.1313557885831773
37,ASP,489,TYR,-1.1516668336399998,0.8359758975272613
38,LYS,484,GLU,-1.8502589395152003,5.004307791885521
40,TYR,493,GLN,-4.6428429256312,1.3341173837170894
41,LYS,484,GLU,-11.261865805248,6.240024814595464
