rId_mp,rName_mp,rId_rbd,rName_rbd,total_energy_avg,total_energy_std
1,ASN,446,GLY,-1.598686152488,1.714757252070506
1,ASN,498,GLN,-3.4695231537888,2.920949294117649
1,ASN,501,ASN,-1.7556778552704,2.9448488504247865
3,ASP,449,TYR,-3.3928334390368,4.334341026529464
3,ASP,495,TYR,-1.0226243356656,0.6531713567101172
3,ASP,496,GLY,-1.9009267920912,0.9599186374958883
3,ASP,498,GLN,-1.0522673165576,1.7213862851459252
4,GLU,501,ASN,-5.048012742972,2.3398828157951965
4,GLU,502,GLY,-1.8979923313608,2.04989799236666
4,GLU,505,TYR,-5.089567724384,1.9729014437886967
6,HIE,493,GLN,-4.2622325538152,1.5910305752831146
7,MET,403,ARG,-6.4990526066032,1.897348920965698
7,MET,495,TYR,-3.8505074647976,0.9384538829551494
7,MET,497,PHE,-1.2748628508216,0.5388246126368191
7,MET,505,TYR,-4.9752791424232,0.893240329256461
8,LEU,505,TYR,-3.7671007652696,0.7683740257950217
10,THR,453,TYR,-1.4119465311472,0.9180671647852154
10,THR,455,LEU,-2.1896011381928,0.8735362873454929
11,ASP,403,ARG,-11.7744187589368,2.319435169240972
14,TYR,416,GLY,-1.2415068899296,1.3456704585431838
14,TYR,417,ASN,-6.038427164316801,1.8189238763024944
14,TYR,420,ASP,-1.3185226313,2.810335534506524
14,TYR,421,TYR,-1.982704667336,1.1650672081901865
14,TYR,455,LEU,-5.9482635250728,3.2530282078174744
14,TYR,456,PHE,-3.0592509773728,1.7978355055219646
17,LEU,456,PHE,-1.0874757457984,0.6032589573721264
23,GLU,477,SER,-2.2897121698472,3.944741130071189
27,LYS,486,PHE,-2.1046838686208003,1.4282162580828524
30,PHE,475,ALA,-3.2918481662408,0.8260953325239033
30,PHE,486,PHE,-3.0150903103824,2.079703952852666
30,PHE,487,ASN,-3.4494392167776,1.9935927822305632
30,PHE,489,TYR,-4.0007626411696,2.100456050822554
31,GLN,486,PHE,-2.3580084951496003,1.4684710331558315
33,PHE,455,LEU,-1.0666890661088,0.614054196450551
33,PHE,456,PHE,-1.8572037866008,0.7249509558469343
33,PHE,489,TYR,-4.3472518677968,1.0761548526322642
34,GLU,486,PHE,-3.6127989617848,2.0849475379680347
34,GLU,487,ASN,-1.3241353182272,3.330951719422312
34,GLU,489,TYR,-2.9350172427704,3.1884043287131063
37,ARG,484,GLU,-9.2187553031768,5.32381898703782
37,ARG,485,GLY,-2.5866061604464003,2.656478049951154
37,ARG,488,CYX,-2.2045366761288,3.42047867347361
37,ARG,489,TYR,-3.1040348640016,2.018356655549483
40,TYR,493,GLN,-2.5513016202528003,1.8803633759446725
41,LYS,484,GLU,-2.5828539739400003,4.276259873779059
