rId_lcb,rName_lcb,rId_rbd,rName_rbd,total_energy_avg,total_energy_std
1,ASN,446,GLY,-1.8872482861072,2.208614946239566
1,ASN,496,GLY,-2.1717755220392,2.271281588986745
1,ASN,498,GLN,-5.967423192996,4.0186449331961205
1,ASN,501,ASN,-1.4843871123968,2.010233310091394
3,ASP,449,TYR,-3.8379131030392,4.325889816766353
3,ASP,493,GLN,-1.0298643697911998,0.5877138679163628
3,ASP,495,TYR,-1.6159886202776002,0.552569942483154
3,ASP,496,GLY,-2.1893548170432,0.5408455102309905
4,GLU,501,ASN,-5.9265540839688,2.7229010935321942
4,GLU,502,GLY,-2.3620982516424003,1.879647939043306
4,GLU,505,TYR,-4.6527946801888005,1.5960688564215597
6,HIE,493,GLN,-5.0815666232648,1.325984156777348
7,MET,403,ARG,-7.156568051812,1.5794656695170834
7,MET,495,TYR,-4.303259554784,0.6098698216620911
7,MET,497,PHE,-1.3743755188448001,0.4614340384620741
7,MET,505,TYR,-5.399179014241599,1.007530568958916
8,LEU,505,TYR,-3.9418469490128003,0.845270598754281
10,THR,453,TYR,-1.2285792232639998,0.45703046714606776
10,THR,455,LEU,-1.4984838202264001,0.6816011909527837
11,ASP,403,ARG,-11.163900801177599,3.5597914745614276
11,ASP,505,TYR,-1.1953160554552,2.0105095185675403
14,TYR,417,ASN,-6.1757799569248,1.3495978556600015
14,TYR,421,TYR,-1.1563084460240003,0.7888166436419982
14,TYR,453,TYR,-1.330104660144,0.9993822903238422
14,TYR,455,LEU,-7.898434282402399,1.9998943176481683
14,TYR,456,PHE,-4.040942734643199,1.2142861430043472
17,LEU,456,PHE,-1.1848884181432,0.5854754662342692
23,GLU,477,SER,-1.1018048985872002,3.064047906277279
27,LYS,486,PHE,-2.5597276141304,1.5371260054673108
30,PHE,475,ALA,-3.5537288736728,0.7105591624000938
30,PHE,476,GLY,-1.0859302619903999,0.7398538731217176
30,PHE,486,PHE,-2.9533829657696002,1.7846187385497143
30,PHE,487,ASN,-3.6561949470968,1.8506778956338075
30,PHE,489,TYR,-3.8754361575768,1.4899506876482531
31,GLN,486,PHE,-2.3024057334848,1.179526300281289
33,PHE,455,LEU,-1.2809846367904,0.5132139230760425
33,PHE,456,PHE,-1.8142504011208,0.6454982271725521
33,PHE,489,TYR,-5.3331235728648005,1.10777717428049
34,GLU,486,PHE,-4.276439242162399,1.6367257502814168
34,GLU,487,ASN,-2.6682729617904,4.001768553575872
34,GLU,489,TYR,-3.9676059960927996,2.9610337264102884
37,ASP,489,TYR,-1.14758022364,0.9073646495955755
38,LYS,484,GLU,-1.7279516775152002,4.46860058150512
40,TYR,493,GLN,-4.0277097176312,1.168525562381965
41,LYS,484,GLU,-8.781252165247999,4.741757303897243
