rId_mp,rName_mp,rId_rbd,rName_rbd,total_energy_avg,total_energy_std
1,ASN,500,THR,-1.0719968465096,1.3539315297767314
1,ASN,501,ASN,-2.9037242373888,3.4996353376530824
3,ASP,498,GLN,-4.7434220577744,1.3354588675851382
3,ASP,501,ASN,-4.8569868812296,2.0341484667029763
4,GLU,501,ASN,-6.002879931760001,2.1326353484870006
4,GLU,502,GLY,-3.3326002881096,1.9602085362620985
4,GLU,505,TYR,-6.509138409179999,1.3067923276123583
6,HIE,449,TYR,-1.3261107190719998,1.1699284361371751
6,HIE,494,SER,-1.3373260193799998,0.7525562951141507
6,HIE,495,TYR,-5.1257457844864005,1.1717045138752271
6,HIE,496,GLY,-2.4408167567344,0.741391419073121
7,MET,403,ARG,-5.401816830783201,1.1220972272318686
7,MET,495,TYR,-3.5234316829832,0.8390296823380425
7,MET,497,PHE,-1.5122928382456,0.4968662986395464
7,MET,501,ASN,-1.0366216241416,0.366719239227163
7,MET,505,TYR,-5.205956899533599,0.8093857894639328
8,LEU,505,TYR,-3.4705219030368,0.6147007018158173
10,THR,453,TYR,-2.276008436004,0.736891000094206
10,THR,455,LEU,-2.1650631159552,0.692159335294539
10,THR,493,GLN,-2.2847624299576,0.7949854157688117
11,ASP,403,ARG,-12.361100400508,2.098534574046508
11,ASP,417,LYS,-3.3707795442384,3.670530007726095
11,ASP,505,TYR,-1.2983134496296,1.537918274881526
14,TYR,416,GLY,-2.0866911086463995,0.7521240286118043
14,TYR,417,LYS,-8.8363846074336,2.165806955553719
14,TYR,421,TYR,-1.2082883716,0.9215362317817404
14,TYR,455,LEU,-2.9002302220456,1.5462690769186134
17,LEU,456,PHE,-1.726334546272,0.4519524494952393
27,LYS,486,PHE,-2.955872698104,0.7858743140506232
30,PHE,475,ALA,-3.1825632984616,0.6914368713324015
30,PHE,476,GLY,-1.5712049483711998,0.5789857861944491
30,PHE,486,PHE,-4.249662847372799,0.9140474805038796
30,PHE,487,ASN,-4.8499302093456,0.8747725105641385
30,PHE,489,TYR,-4.2415755194296,0.8486484821045632
31,GLN,486,PHE,-2.6768931770831994,0.7374932519621707
33,PHE,456,PHE,-1.6099939365536002,0.5338806707815412
33,PHE,489,TYR,-5.5584397330512,0.7580055831195613
34,GLU,486,PHE,-3.5873875552096,1.0922912528172133
34,GLU,489,TYR,-2.7749954886336,1.0235814905721603
38,LYS,484,GLU,-1.0006421807496,2.6713303368394747
40,TYR,449,TYR,-2.0478548454088004,0.8800065535691222
40,TYR,493,GLN,-1.9506300630848,1.3635615312199203
40,TYR,494,SER,-2.102012178756,2.1481795542381383
41,LYS,484,GLU,-8.168351633168001,4.864673754445626
