rId_mp,rName_mp,rId_rbd,rName_rbd,total_energy_avg,total_energy_std
1,ASN,500,THR,-1.0852246265096002,1.39630104179836
1,ASN,501,ASN,-2.5187398793888,3.0570731404529106
3,ASP,498,GLN,-5.337472721774399,1.6936066903247189
3,ASP,501,ASN,-5.1000437172296005,2.165652004054699
4,GLU,501,ASN,-6.68316512976,2.364382632687504
4,GLU,502,GLY,-3.5988902281096,2.0742967935269068
4,GLU,505,TYR,-6.14871822718,1.1141174510428111
6,HIE,449,TYR,-1.345546779072,1.1483237298025
6,HIE,494,SER,-1.19024027338,0.6411486597136993
6,HIE,495,TYR,-4.769829546486401,1.131693348514212
6,HIE,496,GLY,-2.3282624687344,0.6771474318045819
7,MET,403,ARG,-4.9289740687832,1.2064188006388563
7,MET,495,TYR,-3.3626757749832,0.7747952632424279
7,MET,497,PHE,-1.3704642022456002,0.5526221594303811
7,MET,505,TYR,-5.340501409533599,0.7665210166895048
8,LEU,505,TYR,-3.3803892730368,0.5942916166484256
10,THR,453,TYR,-2.384770702004,0.752766299066572
10,THR,455,LEU,-2.2052782539552,0.6905098664344214
10,THR,493,GLN,-2.2034719839576,0.7934870525808796
11,ASP,403,ARG,-24.691919262508,4.155838122401639
11,ASP,406,GLU,1.1618894702584,0.5002816217189486
11,ASP,417,LYS,-3.977957742238401,4.190806704969272
14,TYR,416,GLY,-2.2424366126464,0.8030687541404901
14,TYR,417,LYS,-8.3757158814336,1.9758484154965343
14,TYR,421,TYR,-1.1494824196,0.9283091340851168
14,TYR,455,LEU,-2.7799194300456,1.3126825372163675
17,LEU,456,PHE,-1.692136962272,0.4445265856951607
27,LYS,486,PHE,-2.813985838104,0.7514077739761422
30,PHE,475,ALA,-3.1195136424616003,0.6800263157099946
30,PHE,476,GLY,-1.5325574463712,0.5677368770411008
30,PHE,486,PHE,-4.3514430893728,0.926526150362466
30,PHE,487,ASN,-4.9399843653456,0.8961431389349663
30,PHE,489,TYR,-3.6589961414296,0.721787433720307
31,GLN,486,PHE,-2.7058176430832,0.7142059670128507
33,PHE,456,PHE,-1.5301131985535998,0.4841548699291614
33,PHE,489,TYR,-5.0333948570512,0.6984021012186641
34,GLU,484,GLU,1.1242036643632,1.18111751736416
34,GLU,486,PHE,-3.8052361552096,1.1204746006727695
34,GLU,487,ASN,-1.0586706675768,0.4339555512659233
34,GLU,489,TYR,-2.3859380806336,0.8958687020799317
37,ASP,484,GLU,1.274685067223999,0.9888629844096222
38,LYS,484,GLU,-1.0191722467495998,2.9638564833710177
40,TYR,449,TYR,-1.9611685874088003,0.8349160918811606
40,TYR,493,GLN,-1.9688033350848,1.4072565984570644
40,TYR,494,SER,-2.119898240756,1.9745049019679235
41,LYS,484,GLU,-10.744617813168,6.540150111687868
