rId_mp,rName_mp,rId_rbd,rName_rbd,total_energy_avg,total_energy_std
3,ASP,498,ARG,-3.1619658039264,2.79724312126492
3,ASP,500,THR,-1.2674646101592,2.488035723554829
3,ASP,501,TYR,-2.9594613958408,2.0946978860795964
4,GLU,501,TYR,-7.1840641727728,2.4259033116612887
4,GLU,502,GLY,-3.1669769408536,1.7846404981821709
4,GLU,505,HIE,-5.892702238070401,2.275652092044377
6,HIE,493,ARG,-1.6463963948936,1.4596920259065
6,HIE,496,SER,-2.654970117912,2.1476132047008125
6,HIE,501,TYR,-1.1378579879376,1.1067314943998916
7,MET,403,ARG,-3.6682802913688,2.008310002276755
7,MET,495,TYR,-1.9362241416240005,1.34909568891618
7,MET,496,SER,-1.9542011040496,1.0458998429702375
7,MET,501,TYR,-2.6946146939944,1.15292916468813
7,MET,505,HIE,-4.551302691004799,1.3439531952609194
8,LEU,403,ARG,-1.036841016932,0.9495607673544212
8,LEU,505,HIE,-1.8566257686648,0.9288229089787492
10,THR,453,TYR,-1.8611513819968,0.8838769454448518
10,THR,455,LEU,-2.6035287757752,0.6176216579932811
10,THR,493,ARG,-4.0327817839264,2.1036726319575605
11,ASP,403,ARG,-11.4155057601864,3.225458954615798
14,TYR,416,GLY,-2.2986602192424,1.0701627842113752
14,TYR,417,ASN,-7.1066144859664,1.7049386015157613
14,TYR,420,ASP,-2.9849526135824003,3.608196420053108
14,TYR,421,TYR,-2.5972873172272,1.0903857865868294
14,TYR,455,LEU,-3.1138185153632,1.1054961998277075
14,TYR,456,PHE,-1.3869710632016,1.146165020019615
17,LEU,456,PHE,-1.5878469968895998,0.4080846792318128
23,GLU,477,ASN,-1.3626941167815998,2.215203247689493
26,LYS,475,ALA,-1.435806018,2.086094082529353
27,LYS,486,PHE,-1.9449334591288,1.413295157453515
30,PHE,456,PHE,-1.2968353827495998,1.4340515504808964
30,PHE,475,ALA,-2.9771244403456,0.8531572074521446
30,PHE,486,PHE,-2.8257375479231994,2.3035943439054294
30,PHE,487,ASN,-3.0636960930159995,2.0440664903402617
30,PHE,489,TYR,-4.5777804824232,1.596914292530481
31,GLN,486,PHE,-1.8218502405432,1.3160898305037263
33,PHE,455,LEU,-1.2727032606112,0.5412034303384186
33,PHE,456,PHE,-1.8572416446312,0.7917926449255358
33,PHE,489,TYR,-3.4893385917248,1.2305842163239633
33,PHE,493,ARG,-2.5693853784096,0.7940455886941674
34,GLU,486,PHE,-1.9508091155128,1.5708730496210888
34,GLU,489,TYR,-2.3610665063464,3.3378484135362534
37,ASP,493,ARG,-12.4253964092296,6.113741196315266
40,TYR,449,TYR,-1.106807801932,1.3733058009578742
40,TYR,498,ARG,-1.0889021978848,1.2949999847253613
