rId_lcb,rName_lcb,rId_rbd,rName_rbd,total_energy_avg,total_energy_std
3,ASP,498,ARG,-3.7832984019263995,4.0507863813543326
3,ASP,500,THR,-1.3608054481591998,2.724963122250851
3,ASP,501,TYR,-2.9144529698408,1.836948713469039
4,GLU,501,TYR,-7.129365490772799,2.402005706471491
4,GLU,502,GLY,-3.4171213628536,1.9471550361966201
4,GLU,505,HIE,-5.6990737240703995,1.9658599218108455
6,HIE,493,ARG,-1.3479238448935997,1.6250324093185304
6,HIE,496,SER,-2.751894283912,2.220963595625411
6,HIE,501,TYR,-1.2251363699376,1.164854986504465
7,MET,403,ARG,-3.5777873173688,1.9903200526471567
7,MET,495,TYR,-1.9343170816239998,1.3221499843322728
7,MET,496,SER,-1.8602587980496001,1.0581464866248336
7,MET,501,TYR,-2.6190777039944,1.0672925009805163
7,MET,505,HIE,-4.493951307004799,1.216607958749653
8,LEU,403,ARG,-1.187745814932,0.9753019308941623
8,LEU,505,HIE,-1.8943136246647998,0.9311936067281325
10,THR,453,TYR,-1.9077647359968,0.8914543486398163
10,THR,455,LEU,-2.6362542117752,0.6344688787736472
10,THR,493,ARG,-4.6482746299264,2.5699758998642315
11,ASP,403,ARG,-22.9478147821864,6.521648792225699
11,ASP,406,GLU,1.3792829791952002,1.4928083681630022
13,VAL,456,PHE,-1.0197527256256,0.45556738189524365
14,TYR,416,GLY,-2.4663541892424,1.1106865428062476
14,TYR,417,ASN,-7.2573118599664,1.6852928814938233
14,TYR,420,ASP,-3.1086319315824005,3.8171847643702645
14,TYR,421,TYR,-2.4623499392271997,1.1299134973692737
14,TYR,455,LEU,-2.9765401993632006,1.006567837684615
14,TYR,456,PHE,-1.2945582992016,1.0957738556216248
17,LEU,456,PHE,-1.5489333008896,0.40425992939361166
23,GLU,477,ASN,-1.5401883687816,2.674825875524237
26,LYS,475,ALA,-1.3002821839999998,1.97084126610182
27,LYS,486,PHE,-1.8549381271288001,1.355381786252329
30,PHE,456,PHE,-1.1475618967495997,1.270530801844985
30,PHE,475,ALA,-2.8489237623456,0.8187765892640283
30,PHE,486,PHE,-2.8872739119232,2.375468797513336
30,PHE,487,ASN,-3.141169785016,2.085837840136769
30,PHE,489,TYR,-4.1360862584232,1.5088193609554188
31,GLN,486,PHE,-1.8565615405431999,1.3395373591094546
33,PHE,455,LEU,-1.2521172546112,0.5233220412539429
33,PHE,456,PHE,-1.7246681566311999,0.6951280549722145
33,PHE,489,TYR,-3.2846985737248,1.1134985345597668
33,PHE,493,ARG,-2.9502884284096,0.9740847608221831
34,GLU,486,PHE,-2.0042265655128,1.5761002255515224
34,GLU,489,TYR,-2.5365945383464,3.7289188676433906
37,ASP,493,ARG,-21.286582671229603,10.345033687850185
40,TYR,449,TYR,-1.127562677932,1.3705992130486815
40,TYR,498,ARG,-1.2644840958847998,1.577126739300191
