rId_lcb	rName_lcb	rId_rbd	rName_rbd	total_energy_avg	total_energy_std
3	GLU	475	ALA	-1.327617809932	0.781329729405111
3	GLU	476	GLY	-2.3123768409592	1.5778080623331874
3	GLU	477	SER	-3.008234524064	5.579313758645484
3	GLU	487	ASN	-7.1993032824088	1.8388261399608261
4	TRP	486	PHE	-1.7932973785248	1.1179949073026334
6	LEU	475	ALA	-1.316836632516	0.45604733405871395
6	LEU	489	TYR	-3.2696476654368	0.6433143282147644
7	GLN	486	PHE	-7.3994219852928	1.253095209176595
7	GLN	487	ASN	-8.074565119581601	2.0355707781886734
7	GLN	489	TYR	-7.9061355966848	1.6433764038639744
10	TYR	456	PHE	-1.4111730040136	0.470953407682515
10	TYR	484	GLU	-1.5892644763096	3.0849784229690367
10	TYR	489	TYR	-7.1583008636704	0.9959659088216896
10	TYR	490	PHE	-1.0626466543272	0.95116150373525
13	MET	455	LEU	-1.0984096203	0.4315998107211271
13	MET	493	GLN	-2.8827716807016004	0.7653218410001965
14	ARG	484	GLU	-7.149889586523201	8.753170962837942
22	ALA	501	TYR	-2.3104096371200002	0.6175941936530588
23	GLU	501	TYR	-4.7034565458816004	1.830929807654675
23	GLU	505	TYR	-5.9980868798488	1.9245186917889436
25	SER	493	GLN	-2.4386434930424	2.1958325865552375
26	MET	403	ARG	-3.4567131350272002	1.1802056023602867
26	MET	453	TYR	-1.6221692620327999	0.8577838906057818
26	MET	493	GLN	-1.919471086812	1.58907534036137
26	MET	495	TYR	-3.6431527134104	0.5348436841362352
26	MET	501	TYR	-1.7358012088863997	0.549842821117498
26	MET	505	TYR	-3.4004994170216	0.803031563036119
27	ARG	505	TYR	-4.9834135705224	2.4996829614380958
29	SER	417	LYS	-1.4082765788143998	2.930532110404363
29	SER	453	TYR	-1.5738789278832	1.490675440026868
29	SER	455	LEU	-2.7276047135768	0.5601049893128265
29	SER	493	GLN	-4.169476436172	3.172732106107007
30	ASP	403	ARG	-3.5988235869704	5.504968063456075
30	ASP	406	GLU	1.4314734154568	0.6847901146564369
30	ASP	417	LYS	-16.5187166525048	3.9065461186813635
32	ILE	455	LEU	-2.857748456724	0.7506496423683172
32	ILE	456	PHE	-2.4479870489000004	0.4221784969685368
33	TYR	416	GLY	-3.6259770354520002	0.7573965885083886
33	TYR	417	LYS	-5.961008343215201	1.019667887111666
33	TYR	420	ASP	-9.4844635569184	2.324502776883265
33	TYR	421	TYR	-2.6730107019024	0.5286141101150106
33	TYR	455	LEU	-1.6553038958480002	0.7733296620391515
36	MET	421	TYR	-1.1790259131448002	0.845165575023907
36	MET	456	PHE	-2.0829940232432	0.8600392906382287
36	MET	473	TYR	-1.5394701676287998	0.7618883923129531
37	LYS	415	THR	-1.1865176725416	2.1047140923438836
37	LYS	420	ASP	-2.0771490263368	3.213031337266162
