rId_mp	rName_mp	rId_rbd	rName_rbd	total_energy_avg	total_energy_std
3	GLU	475	ALA	-1.8141280126592	0.9005266938807857
3	GLU	476	GLY	-2.8420614854175996	1.5852546191245542
3	GLU	477	ASN	-2.8676038851824	3.8835311367823637
3	GLU	487	ASN	-6.3337065516048	2.851028550015312
4	TRP	486	PHE	-2.3265646797296	1.5358051921871219
4	TRP	487	ASN	-2.5951554838688	2.2600601264403526
6	LEU	456	PHE	-1.2466224086472	0.5058890011264074
6	LEU	475	ALA	-1.3895268382440003	0.4318300060132496
6	LEU	489	TYR	-2.9105681419264	0.7651111603859946
7	GLN	486	PHE	-6.9185386754456	2.0009354899446317
7	GLN	487	ASN	-7.680309808783201	2.6621338344235133
7	GLN	489	TYR	-8.792606945024799	2.7458001468846005
10	TYR	456	PHE	-1.6591306982184	0.6658778648201494
10	TYR	489	TYR	-6.3243563955848	1.2101354870877308
13	MET	455	LEU	-1.4029781297448	0.40593846864311667
13	MET	493	ARG	-5.280084193188	1.1893616625858623
17	ASP	493	ARG	-12.5832697896608	4.857866683319684
22	ALA	496	SER	-1.0390333913744	0.7562028589873029
22	ALA	501	TYR	-2.0220335210847997	0.6545565697070752
22	ALA	505	HIE	-2.2288365831616	1.2151943821738207
23	GLU	403	ARG	-2.1111662098575996	3.007717986178162
23	GLU	505	HIE	-6.362681020791199	1.4265525409597142
25	SER	493	ARG	-1.4992126495384	1.8542715967951153
26	MET	403	ARG	-5.0186053705399996	0.8992673068746833
26	MET	453	TYR	-2.2272201323463996	0.8019548408565279
26	MET	493	ARG	-2.0503953076088	1.8821626161003449
26	MET	495	TYR	-2.0048541345888	0.6568112157231405
26	MET	505	HIE	-2.2256546902376	0.7838697945788852
29	SER	453	TYR	-2.835369939132	2.2410110122654943
29	SER	455	LEU	-2.2954619992168	0.6031121962964152
29	SER	493	ARG	-1.9216724187640002	1.8551888659229807
30	ASP	403	ARG	-1.9818119231495996	3.0283670245292194
32	ILE	455	LEU	-3.1553324139792003	0.8265941003221643
32	ILE	456	PHE	-2.7456123020320002	0.5551784211370046
33	TYR	415	THR	-1.261641954108	0.9150487969763713
33	TYR	416	GLY	-4.3392195388840005	1.028711118853347
33	TYR	417	ASN	-4.4444368317456	1.1290260917141153
33	TYR	420	ASP	-10.8087196879848	2.083553289394526
33	TYR	421	TYR	-2.7457043875952003	0.702173604603973
36	MET	421	TYR	-2.4289477537399997	0.9381663850788724
36	MET	455	LEU	-1.1097280138392	0.6071658460670488
36	MET	456	PHE	-3.303457207976	1.0020441784580947
36	MET	457	ARG	-1.2912324198456	0.9748143030866047
36	MET	473	TYR	-1.9696421382024	0.7805511407199337
37	LYS	415	THR	-1.9240658191503999	2.9046771630388095
37	LYS	420	ASP	-2.7419397333496	3.931632345635387
