rId_lcb	rName_lcb	rId_rbd	rName_rbd	total_energy_avg	total_energy_std
3	GLU	475	ALA	-1.8166143986592	0.8426033535163325
3	GLU	476	GLY	-3.0683067774176	1.768068703126851
3	GLU	477	ASN	-3.1287781311824	4.4968574935624686
3	GLU	487	ASN	-5.7422517616048	2.4916386175967036
4	TRP	486	PHE	-2.3453441037296	1.534119379112127
4	TRP	487	ASN	-2.4893336858687998	2.3075657083075605
6	LEU	456	PHE	-1.3148783846471996	0.49991839862345777
6	LEU	475	ALA	-1.3785038662440001	0.40760865412214575
6	LEU	489	TYR	-3.3225408019264	0.7774493285009162
7	GLN	486	PHE	-6.4868084554456	1.8880438102311219
7	GLN	487	ASN	-6.556777550783199	2.2151260272848847
7	GLN	489	TYR	-7.4774207110248	2.144683016678494
10	TYR	456	PHE	-1.6376369262183998	0.5834648470721467
10	TYR	489	TYR	-5.9868591135848	1.124698170855647
13	MET	455	LEU	-1.3022244417448001	0.3926855492365445
13	MET	493	ARG	-4.8444362451880005	1.0798623054170349
17	ASP	493	ARG	-23.178488361660797	9.39569945772331
22	ALA	496	SER	-1.0646629033744	0.6914000371537763
22	ALA	501	TYR	-2.1270646350848	0.6525103703082389
22	ALA	505	HIE	-2.1850559071616	1.1539340348351035
23	GLU	403	ARG	-2.9371760958575996	5.12995507614222
23	GLU	505	HIE	-6.3268507207912	1.531687240574283
26	MET	403	ARG	-4.61406490854	1.0613966427396717
26	MET	453	TYR	-2.2275013803464	0.8176177810782929
26	MET	493	ARG	-2.3839809136087995	2.2029899218453237
26	MET	495	TYR	-1.9870434745888002	0.6371307198724193
26	MET	505	HIE	-2.3044932262376	0.7920793921309425
29	SER	453	TYR	-2.740345261132	2.1482524836062415
29	SER	455	LEU	-2.1812796812168	0.5646221354554405
29	SER	493	ARG	-2.135514734764	2.243887761611437
30	ASP	403	ARG	-3.9393026351496	6.332847670514159
30	ASP	406	GLU	1.2889422293368002	1.238389800805695
30	ASP	417	ASN	-1.1086021102856	1.1188901227171224
32	ILE	455	LEU	-3.3206993819792	0.8579546479222233
32	ILE	456	PHE	-2.658730972032	0.5049368437339476
33	TYR	415	THR	-1.434539438108	0.8489267252181893
33	TYR	416	GLY	-4.344527290884	1.0135550933004394
33	TYR	417	ASN	-4.5732504217456	1.0811358691457245
33	TYR	420	ASP	-10.601054025984798	1.6277753429124242
33	TYR	421	TYR	-2.7888203495952	0.6579664159203803
36	MET	421	TYR	-2.46243733974	0.9504203561210315
36	MET	455	LEU	-1.0559475538391998	0.5542573890640533
36	MET	456	PHE	-3.142432671976	0.9823786940232759
36	MET	457	ARG	-1.2865461858456002	0.9924102024503658
36	MET	473	TYR	-1.9504752322024002	0.7815382480902608
37	LYS	415	THR	-1.8349820511503998	2.795458257292329
37	LYS	420	ASP	-2.8806296993496	4.017029485653027
